Model,MAE,RMSE
mf_dim64,0.7206389904022217,0.9183560609817505
ncf_layer3,0.7271668314933777,0.9256301522254944
ncf_layer4,0.7341862916946411,0.9316413998603821
"ncf_layers[64, 32, 16, 8]",0.7427676916122437,0.9384146928787231
mf_dim32,0.7484719753265381,0.948624849319458
mf_dim16,0.750461995601654,0.9505337476730347
mf_dim8,0.7542084455490112,0.9554587006568909
item_knn,0.7716068625450134,1.0008487701416016
user_avg,0.8345251679420471,1.043280839920044
global_avg,0.9477550983428955,1.1302785873413086
